"","Gene","V12"
"1","AceP1_Mod.1",NA
"2","AceP2_Mod.1","mal"
"3","AceP2_Mod.2","mal"
"4","AceP2_Mod.3","mmal"
"5","AceP3_Mod.1","mmal"
"6","AceP3_Mod.2","mal"
"7","AceP3_Mod.3","mal"
"8","AceP3_Mod.4","mal"
"9","AceP3_Mod.5","mal"
"10","AceP3_Mod.6","mal"
"11","AceP4_Mod.1","mal"
"12","AceP4_Mod.2","mal"
"13","AceP4_Mod.3","mal"
"14","AceP4_Mod.4","mmal"
"15","AceP4_Mod.5","mal"
"16","AceP4_Mod.6","mal"
"17","AceP5_Mod.1","mal"
"18","AceP5_Mod.2","mal"
"19","AceP6_Mod.1","mal"
"20","AceP6_Mod.2","mal"
"21","AceP6_Mod.3","mal"
"22","abyB1_Mod.1",NA
"23","AbsB1_Mod.0","mal"
"24","abyB1_Mod.2","mal"
"25","AbsB1_Mod.1","mal"
"26","abyB1_Mod.3","mal"
"27","AbsB1_Mod.2","mal"
"28","abyB1_Mod.4","mal"
"29","AbsB1_Mod.3","mal"
"30","abyB2_Mod.1","mal"
"31","AbsB2_Mod.1","mmal"
"32","abyB2_Mod.2","mmal"
"33","AbsB2_Mod.2","mmal"
"34","abyB3_Mod.1","mmal"
"35","AbsB3_Mod.1","mal"
"36","aalA1_Mod.1",NA
"37","aalA1_Mod.2","mmal"
"38","aalA1_Mod.3","mmal"
"39","aalA1_Mod.4","mmal"
"40","aalA2_Mod.1","mmal"
"41","aalA2_Mod.2","mmal"
"42","aalA2_Mod.3","mmal"
"43","aalA2_Mod.4","mal"
"44","aalA3_Mod.1","mmal"
"45","aalA3_Mod.2","mmal"
"46","aalA3_Mod.3",NA
"47","acuAI_Mod.0",NA
"48","acuAI_Mod.1","mmal"
"49","acuAI_Mod.2","mmal"
"50","acuAII_Mod.0","mal"
"51","acuAII_Mod.1","mal"
"52","acuAII_Mod.2","mal"
"53","acuAIII_Mod.1","mmal"
"54","acuAIV_Mod.1","mal"
"55","acuAIV_Mod.2","mal"
"56","acuAV_Mod.1","mmal"
"57","acuAV_Mod.2","mal"
"58","acuAV_Mod.3","mal"
"59","acuAVI_Mod.1","mmal"
"60","acuAVI_Mod.2","mal"
"61","acuAVI_Mod.3","mal"
"62","acuAVI_Mod.4","mal"
"63","acuAVI_Mod.5","mmal"
"64","acuAVII_Mod.1","mal"
"65","acuAVII_Mod.2","mal"
"66","acuAVIII_Mod.1","mal"
"67","acuAVIII_Mod.2","mal"
"68","angAI_Mod.1",NA
"69","angAI_Mod.2","mmal"
"70","angAI_Mod.3","mmal"
"71","angAII_Mod.1","mmal"
"72","angAIII_Mod.1","mal"
"73","angAIII_Mod.2","mmal"
"74","angAIV_Mod.1",NA
"75","angAV_Mod.1","mmal"
"76","asmA_Mod.1",NA
"77","asmA_Mod.2","mmal"
"78","asmB_Mod.1","mal"
"79","asmB_Mod.2",NA
"80","asmC_Mod.1","mal"
"81","asmD_Mod.1","mmal"
"82","asmD_Mod.2","mmal"
"83","arpPI_Mod.1",NA
"84","arpPI_Mod.2","mal"
"85","arpPI_Mod.3","mal"
"86","arpPII_Mod.1","mal"
"87","arpPII_Mod.2","mal"
"88","arpPIII_Mod.1","mal"
"89","becB_Mod.1",NA
"90","becB_Mod.2","mal"
"91","becD_Mod.1","mmal"
"92","becD_Mod.2","mal"
"93","becE_Mod.1","mal"
"94","becF_Mod.1","mal"
"95","becF_Mod.2","mal"
"96","becG_Mod.1","mal"
"97","BafAI_Mod.0",NA
"98","BafAI_Mod.1",NA
"99","BafAI_Mod.2","mmal"
"100","BafAI_Mod.3","mal"
"101","BafAII_Mod.1","mmal"
"102","BafAII_Mod.2","mmal"
"103","BafAII_Mod.3",NA
"104","BafAIII_Mod.1","mal"
"105","BafAIII_Mod.2","mmal"
"106","BafAIV_Mod.1","mmal"
"107","BafAV_Mod.1","mmal"
"108","BafAIV_Mod.2","mmal"
"109","borA1_Mod.0",NA
"110","bor2A1_Mod.0",NA
"111","borA2_Mod.1",NA
"112","bor2A2_Mod.1","mal"
"113","borA3_Mod.1","mal"
"114","bor2A3_Mod.1","mal"
"115","borA3_Mod.2","mal"
"116","bor2A3_Mod.2","mmal"
"117","borA4_Mod.1","mmal"
"118","bor2A4_Mod.1","mmal"
"119","borA5_Mod.1","mmal"
"120","bor2A5_Mod.1","mmal"
"121","bor2A6_Mod.1","mmal"
"122","borA6_Mod.1","mal"
"123","nbrK_Mod.2",NA
"124","nbrK_Mod.3","mmal"
"125","nbrL_Mod.1","mmal"
"126","nbrL_Mod.2","mmal"
"127","nbrL_Mod.3","mmal"
"128","nbrI_Mod.1","mal"
"129","nbrI_Mod.2","mal"
"130","nbrJ_Mod.1","mal"
"131","nbrJ_Mod.2","mal"
"132","nbrG_Mod.1","mal"
"133","nbrG_Mod.2","mal"
"134","nbrG_Mod.3","mal"
"135","nbrG_Mod.4","mal"
"136","nbrG_Mod.5","mmal"
"137","nbrH_Mod.1","mal"
"138","nbrH_Mod.2","mal"
"139","nbrH_Mod.3","mmal"
"140","nbrH_Mod.4","mal"
"141","fscA_Mod.1",NA
"142","fscB_Mod.1","mal"
"143","fscB_Mod.2","mmal"
"144","fscB_Mod.3","mmal"
"145","fscC_Mod.1","mmal"
"146","fscC_Mod.2","mal"
"147","fscC_Mod.3","mal"
"148","fscC_Mod.4","mal"
"149","fscC_Mod.5","mal"
"150","fscC_Mod.6","mal"
"151","fscD_Mod.1","mal"
"152","fscD_Mod.2","mal"
"153","fscD_Mod.3","mal"
"154","fscD_Mod.4","mal"
"155","fscD_Mod.5","mal"
"156","fscD_Mod.6","mal"
"157","fscE_Mod.1","mal"
"158","fscE_Mod.2","mal"
"159","fscE_Mod.3","mal"
"160","fscE_Mod.4","mal"
"161","fscF_Mod.1","mal"
"162","chmGI_Mod.1",NA
"163","chmGI_Mod.2","mal"
"164","chmGI_Mod.3","mmal"
"165","chmGII_Mod.1","mal"
"166","chmGIII_Mod.1","mal"
"167","chmGIII_Mod.2","mmal"
"168","chmGV_Mod.1","mmal"
"169","chmGIV_Mod.1","mal"
"170","cxmA_Mod.1",NA
"171","cxmA_Mod.2","mmal"
"172","cxmA_Mod.3","mal"
"173","cxmB_Mod.4","mmal"
"174","cxmB_Mod.5","mmal"
"175","cxmB_Mod.6","mmal"
"176","cxmC_Mod.8","mmal"
"177","cxmD_Mod.9","mmal"
"178","cxmE_Mod.10","mmal"
"179","cxmE_Mod.11","mal"
"180","clz6_Mod.1",NA
"181","clz6_Mod.2",NA
"182","clz7_Mod.1",NA
"183","ChlA1_Mod.0",NA
"184","ChlA1_Mod.1","mal"
"185","ChlA1_Mod.2","mmal"
"186","ChlA2_Mod.1","mal"
"187","ChlA2_Mod.2","mal"
"188","ChlA3_Mod.1","mal"
"189","ChlA3_Mod.2","mal"
"190","ChlA3_Mod.3","mal"
"191","ChlA4_Mod.1","mal"
"192","ChlA5_Mod.1","mal"
"193","ChlA5_Mod.2","mal"
"194","ChlA6_Mod.1","mmal"
"195","SCO6275_Mod.1",NA
"196","SCO6275_Mod.2","mal"
"197","SCO6275_Mod.3","mal"
"198","SCO6274_Mod.1","mal"
"199","SCO6273_Mod.1","mal"
"200","SCO6274_Mod.2","mal"
"201","conA_Mod.0",NA
"202","conA_Mod.1","mal"
"203","conB_Mod.2","mal"
"204","conB_Mod.3","mmal"
"205","conB_Mod.4","mal"
"206","conC_Mod.5","mmal"
"207","conC_Mod.6","mmal"
"208","conC_Mod.7","mal"
"209","conD_Mod.8","mal"
"210","conD_Mod.9","mmal"
"211","conE_Mod.10","mmal"
"212","conE_Mod.11",NA
"213","conE_Mod.12","mmal"
"214","conF_Mod.13","mmal"
"215","cfa6_Mod.0",NA
"216","cfa6_Mod.1",NA
"217","cfa7_Mod.1",NA
"218","cmiP1_Mod.1",NA
"219","cmiP1_Mod.2","mal"
"220","cmiP5_Mod.1","mal"
"221","cmiP5_Mod.2","mal"
"222","cmiP8_Mod.1","mal"
"223","cmiP7_Mod.1","mal"
"224","cmiP7_Mod.2","mal"
"225","cmiP7_Mod.3","mmal"
"226","cmiP6_Mod.1","mal"
"227","cyrB_Mod.1",NA
"228","cyrC_Mod.1","mal"
"229","cyrD_Mod.1","mal"
"230","cyrE_Mod.1","mal"
"231","cyrF_Mod.1","mal"
"232","ctaB_Mod.1",NA
"233","ctaD_Mod.1",NA
"234","ctaE_Mod.1","mal"
"235","ctaF_Mod.1","mal"
"236","gerSI_Mod.1",NA
"237","gerSI_Mod.2","mal"
"238","gerSI_Mod.3","mmal"
"239","gerSII_Mod.1","mal"
"240","gerSIII_Mod.1","mal"
"241","gerSIII_Mod.2","mmal"
"242","gerSV_Mod.1","mmal"
"243","gerSIV_Mod.1","mal"
"244","divK_Mod.1",NA
"245","divK_Mod.2","mmal"
"246","divK_Mod.3","mal"
"247","divL1_Mod.1","mal"
"248","divL2_Mod.1",NA
"249","divL3_Mod.1","mal"
"250","divM_Mod.1",NA
"251","divM_Mod.2","mmal"
"252","leoA_Mod.0",NA
"253","leoA_Mod.1","mal"
"254","leoA_Mod.2","mmal"
"255","leoB_Mod.3","mmal"
"256","leoB_Mod.4","mal"
"257","leoC_Mod.5","mmal"
"258","leoD_Mod.6","mal"
"259","leoD_Mod.7","mal"
"260","leoE_Mod.8","mmal"
"261","aizA_mod.1",NA
"262","aizA_mod.2","mal"
"263","aizA_mod.3","mal"
"264","aizA_mod.4","mal"
"265","aizA_mod.5","mal"
"266","aizB_mod.6","mal"
"267","aizB_mod.7","mal"
"268","aizC_mod.8","mal"
"269","aizC_mod.9","mal"
"270","aizC_mod.10","mal"
"271","aizC_mod.11","mal"
"272","aizD_mod.12","mal"
"273","aizD_mod.13","mmal"
"274","aizD_mod.14","mal"
"275","aizD_mod.15","mal"
"276","aizE_mod.16","mal"
"277","aizE_mod.17","mal"
"278","aizE_mod.18","mal"
"279","aizF_mod.19","mal"
"280","aizF_mod.20","mmal"
"281","aizG_mod.21","mmal"
"282","aizG_mod.22","mal"
"283","aizG_mod.23","mal"
"284","aizG_mod.24","mal"
"285","aizH_mod.25","mal"
"286","aizH_mod.26","mal"
"287","ebeA-type I polyketide synthase KSQ-ATa-ACP_Mod.1",NA
"288","EbeB-type I polyketide synthase_Mod.1","mal"
"289","ebeC-type I polyketide synthase_Mod.1","mmal"
"290","ebeC-type I polyketide synthase_Mod.2","mmal"
"291","ebeD-type I polyketide synthase_Mod.1","mmal"
"292","ebeD-type I polyketide synthase_Mod.2","mmal"
"293","ebeE-type I polyketide synthase_Mod.0","mmal"
"294","epoA_Mod.1",NA
"295","epoB_Mod.1","mal"
"296","epoC_Mod.1","mmal"
"297","epoC_Mod.2","mal"
"298","epoC_Mod.3","mal"
"299","epoC_Mod.4","mal"
"300","epoD_Mod.1","mmal"
"301","epoD_Mod.3","mal"
"302","epoD_Mod.2","mal"
"303","epoD_Mod.4","mal"
"304","epoE_Mod.1","mal"
"305","epoE_Mod.2","mmal"
"306","epoF_Mod.1","mmal"
"307","eryAI_Mod.0",NA
"308","eryAI_Mod.1",NA
"309","eryAI_Mod.2","mmal"
"310","eryAII_Mod.1","mmal"
"311","eryAII_Mod.2","mmal"
"312","eryAIII_Mod.1","mmal"
"313","eryAIII_Mod.2","mmal"
"314","gfsA_Mod.1",NA
"315","gfsA_Mod.2","mal"
"316","gfsA_Mod.3","mmal"
"317","gfsA_Mod.4","mmal"
"318","gfsA_Mod.5","mal"
"319","gfsB_Mod.1","mal"
"320","gfsB_Mod.2","mmal"
"321","gfsB_Mod.3","mal"
"322","gfsC_Mod.1","mal"
"323","gfsD_Mod.1","mal"
"324","gfsD_Mod.2","mal"
"325","gfsE_Mod.1","mmal"
"326","gfsE_Mod.2","mmal"
"327","fkbB_Mod.1",NA
"328","fkbB_Mod.2","mmal"
"329","fkbB_Mod.3","mmal"
"330","fkbB_Mod.4","mal"
"331","fkbC_Mod.1",NA
"332","fkbC_Mod.2","mmal"
"333","fkbA_Mod.1","mmal"
"334","fkbA_Mod.2",NA
"335","fkbA_Mod.3",NA
"336","fkbA_Mod.4","mmal"
"337","pteA1_Mod.1",NA
"338","pteA1_Mod.2","mal"
"339","pteA1_Mod.3","mal"
"340","pteA1_Mod.4","mal"
"341","pteA2_Mod.1","mal"
"342","pteA2_Mod.2","mal"
"343","pteA3_Mod.1","mmal"
"344","pteA4_Mod.1","mal"
"345","pteA4_Mod.2","mal"
"346","pteA4_Mod.3","mal"
"347","pteA4_Mod.4","mal"
"348","pteA5_Mod.1","mal"
"349","pteA5_Mod.2","mal"
"350","flvP1_Mod.1",NA
"351","flvP1_Mod.2",NA
"352","flvP2_Mod.1","mal"
"353","flvP2_Mod.2",NA
"354","flvP3_Mod.1","mal"
"355","fosA_Mod.1",NA
"356","fosA_Mod.2","mmal"
"357","fosB_Mod.1","mal"
"358","fosC_Mod.1","mal"
"359","fosC_Mod.2","mal"
"360","fosD_Mod.1","mal"
"361","fosE_Mod.1","mmal"
"362","fosE_Mod.2","mal"
"363","fosF_Mod.1","mal"
"364","GelA_Mod.1",NA
"365","GelA_Mod.2","mmal"
"366","GelA_Mod.3",NA
"367","GelB_Mod.1","mmal"
"368","GelB_Mod.2","mmal"
"369","GelC_Mod.1",NA
"370","GelC_Mod.2","mal"
"371","glbC_Mod.1",NA
"372","zinA_Mod.1",NA
"373","zinA_Mod.2","mmal"
"374","zinB_Mod.1","mmal"
"375","zinB_Mod.2","mmal"
"376","zinB_Mod.3","mmal"
"377","zinC_Mod.1","mal"
"378","zinD_Mod.1","mal"
"379","zinD_Mod.2","mmal"
"380","zinE_Mod.1","mmal"
"381","zinF_Mod.1","mmal"
"382","zinF_Mod.2","mmal"
"383","zinG_Mod.1","mal"
"384","hlsA_Mod.1",NA
"385","hlsA_Mod.2","mmal"
"386","hlsA_Mod.3","mmal"
"387","hlsB_Mod.1","mal"
"388","hlsB_Mod.2","mal"
"389","hlsB_Mod.3","mmal"
"390","hlsB_Mod.4","mmal"
"391","hlsC_Mod.1","mal"
"392","hlsC_Mod.2","mmal"
"393","hlsC_Mod.3","mal"
"394","hlsD_Mod.1","mal"
"395","hlsD_Mod.2","mmal"
"396","hlsD_Mod.3","mal"
"397","hlsE_Mod.1","mal"
"398","hlsE_Mod.2","mmal"
"399","hlsF_Mod.1","mal"
"400","hlsF_Mod.2","mmal"
"401","hlsF_Mod.3","mmal"
"402","hlsG_Mod.1","mal"
"403","hbmAI_Mod.1",NA
"404","hbmAI_Mod.2","mmal"
"405","hbmAI_Mod.3",NA
"406","hbmAII_Mod.1","mmal"
"407","hbmAII_Mod.2","mmal"
"408","hbmAIII_Mod.1",NA
"409","hbmAIII_Mod.2","mal"
"410","herB_Mod.0",NA
"411","herB_Mod.1","mmal"
"412","herB_Mod.2","mmal"
"413","herB_Mod.3","mmal"
"414","herC_Mod.4","mmal"
"415","herC_Mod.5","mal"
"416","herC_Mod.6","mmal"
"417","herC_Mod.7","mmal"
"418","herD_Mod.8","mal"
"419","HerB_Mod.1",NA
"420","HerB_Mod.2","mal"
"421","HerD_Mod.1","mmal"
"422","HerD_Mod.2","mal"
"423","HerE_Mod.0","mal"
"424","HerF_Mod.0","mal"
"425","HerF_Mod.1","mmal"
"426","HerG_Mod.0","mal"
"427","hitP1_Mod.1",NA
"428","hitP1_Mod.2","mal"
"429","hitP2_Mod.1","mal"
"430","hitP2_Mod.2","mal"
"431","hitP5_Mod.1","mal"
"432","hitP4_Mod.1","mal"
"433","hitP4_Mod.2","mal"
"434","hitP4_Mod.3","mmal"
"435","hitP3_Mod.1","mal"
"436","hgcA_Mod.1",NA
"437","hgcA_Mod.2","mmal"
"438","hgcA_Mod.3","mal"
"439","hgcB_Mod.1","mal"
"440","hgcC_Mod.1",NA
"441","hgcD_Mod.1","mal"
"442","hgcE_Mod.1","mmal"
"443","hgcE_Mod.2","mmal"
"444","idnP4_Mod.1",NA
"445","idnP1_Mod.1","mmal"
"446","idnP1_Mod.2","mmal"
"447","idnP2_Mod.1","mal"
"448","idnP2_Mod.2","mmal"
"449","idnP2_Mod.3","mal"
"450","idnP3_Mod.1","mal"
"451","idnP3_Mod.2","mal"
"452","idnP5_Mod.1","mal"
"453","idnP5_Mod.2","mmal"
"454","idmL_Mod.1",NA
"455","idmL_Mod.2","mal"
"456","idmL_Mod.3","mal"
"457","idmM_Mod.1",NA
"458","idmM_Mod.2","mal"
"459","idmN_Mod.1","mal"
"460","idmN_Mod.2","mal"
"461","idmN_Mod.3",NA
"462","idmO_Mod.1","mmal"
"463","idmP_Mod.1","mal"
"464","ken16_Mod.1",NA
"465","ken16_Mod.2","mmal"
"466","ken16_Mod.3","mmal"
"467","ken12_Mod.1","mal"
"468","ken12_Mod.2","mmal"
"469","ken13_Mod.1","mmal"
"470","ken14_Mod.1","mmal"
"471","ken14_Mod.2","mmal"
"472","kijA_Mod.0",NA
"473","kijA_Mod.1","mal"
"474","kijA_Mod.2","mmal"
"475","kijA_Mod.3","mal"
"476","kijA_Mod.4","mmal"
"477","kijA_Mod.5","mal"
"478","kijA_Mod.6","mmal"
"479","kijA_Mod.7","mal"
"480","kijA_Mod.8","mal"
"481","kijA_Mod.9","mmal"
"482","kijA_Mod.10","mmal"
"483","kijA_Mod.11","mmal"
"484","ladSI_Mod.1",NA
"485","ladSI_Mod.2","mal"
"486","ladSII_Mod.1","mmal"
"487","ladSIII_Mod.1","mmal"
"488","ladSIII_Mod.2","mal"
"489","ladSIV_Mod.1","mmal"
"490","ladSIV_Mod.2","mmal"
"491","ladSV_Mod.1","mal"
"492","ladSV_Mod.2","mmal"
"493","ladSVI_Mod.1","mal"
"494","ladSVII_Mod.1","mal"
"495","ladSVIII_Mod.1","mmal"
"496","ladSVIII_Mod.2","mmal"
"497","lkmAI_Mod.0",NA
"498","lkmAI_Mod.1",NA
"499","lkmAI_Mod.2","mmal"
"500","lkmAII_Mod.1","mmal"
"501","lkmAII_Mod.2","mmal"
"502","lkmAIII_Mod.1","mmal"
"503","lkmAIII_Mod.2","mmal"
"504","lasAI_Mod.1",NA
"505","lasAI_Mod.2","mal"
"506","lasAI_Mod.3",NA
"507","lasAII_Mod.1","mal"
"508","lasAII_Mod.2",NA
"509","lasAII_Mod.3","mmal"
"510","lasAIII_Mod.1",NA
"511","lasAIV_Mod.1","mmal"
"512","lasAV_Mod.1","mmal"
"513","lasAV_Mod.2","mal"
"514","lasAVI_Mod.1","mal"
"515","lasAVII_Mod.1","mmal"
"516","lipPks1_Mod.0",NA
"517","lipPks1_Mod.1",NA
"518","lipPks2_Mod.1","mmal"
"519","lipPks2_Mod.2","mmal"
"520","lipPks3_Mod.1","mal"
"521","lipPks3_Mod.2","mal"
"522","lipPks4_Mod.1","mal"
"523","lipPks4_Mod.2","mal"
"524","lobA5_Mod.1",NA
"525","lobA5_Mod.2","mal"
"526","lobA5_Mod.3","mmal"
"527","lobA5_Mod.4","mal"
"528","lobA4_Mod.1","mmal"
"529","lobA4_Mod.2","mal"
"530","lobA4_Mod.3","mmal"
"531","lobA4_Mod.4","mal"
"532","lobA3_Mod.1","mal"
"533","lobA2_Mod.1","mmal"
"534","lobA1_Mod.1","mal"
"535","lobA1_Mod.2","mmal"
"536","lydA_Mod.1",NA
"537","lydB_Mod.2","mal"
"538","lydB_Mod.3","mmal"
"539","lydC_Mod.4","mal"
"540","lydC_Mod.5","mal"
"541","lydC_Mod.6","mmal"
"542","lydC_Mod.7","mal"
"543","lydD_Mod.8","mal"
"544","lydD_Mod.9","mmal"
"545","lydE_Mod.10","mmal"
"546","lydF_Mod.11","mal"
"547","lydF_Mod.12","mmal"
"548","lydF_Mod.13","mal"
"549","lydG_Mod.14","mmal"
"550","lydG_Mod.15","mal"
"551","lydH_Mod.16","mmal"
"552","lydH_Mod.17","mal"
"553","mlaB_Mod.1",NA
"554","mlaB_Mod.2","mal"
"555","mlaD_Mod.1","mmal"
"556","mlaD_Mod.2","mal"
"557","mlaE_Mod.1","mal"
"558","mlaF_Mod.1","mal"
"559","mlaF_Mod.2","mmal"
"560","mlaG_Mod.1","mal"
"561","mbcAI_Mod.1",NA
"562","mbcAI_Mod.2","mmal"
"563","mbcAI_Mod.3",NA
"564","mbcAII_Mod.1","mmal"
"565","mbcAII_Mod.2","mmal"
"566","mbcAIII_Mod.1","mmal"
"567","mbcAIII_Mod.2","mal"
"568","cle1_Mod.1",NA
"569","cle1_Mod.2","mal"
"570","cle1_Mod.3","mal"
"571","cle1_Mod.4","mal"
"572","cle1_Mod.5","mal"
"573","cle2_Mod.1","mal"
"574","cle2_Mod.2","mal"
"575","cle3_Mod.1","mal"
"576","cle3_Mod.2","mal"
"577","cle3_Mod.3","mal"
"578","cle3_Mod.4","mal"
"579","cle3_Mod.5","mal"
"580","cle4_Mod.1","mal"
"581","cle5_Mod.1","mmal"
"582","cle5_Mod.2","mal"
"583","cle5_Mod.3","mal"
"584","cle6_Mod.1","mal"
"585","cle6_Mod.2","mal"
"586","cle6_Mod.3","mal"
"587","cle6_Mod.4","mal"
"588","cle7_Mod.1","mal"
"589","cle7_Mod.2","mmal"
"590","cle8_Mod.1","mmal"
"591","cle8_Mod.2","mal"
"592","cle8_Mod.3","mal"
"593","cle9_Mod.1","mal"
"594","cle9_Mod.2","mal"
"595","megAI_Mod.0",NA
"596","megAI_Mod.1",NA
"597","megAI_Mod.2","mmal"
"598","megAII_Mod.1","mmal"
"599","megAII_Mod.2","mmal"
"600","megAIII_Mod.1","mmal"
"601","megAIII_Mod.2","mmal"
"602","meiA1_Mod.0",NA
"603","meiA1_Mod.1",NA
"604","meiA1_Mod.2","mmal"
"605","meiA2_Mod.1","mal"
"606","meiA2_Mod.2","mal"
"607","meiA2_Mod.3","mal"
"608","meiA2_Mod.4","mal"
"609","meiA3_Mod.1","mmal"
"610","meiA3_Mod.2","mmal"
"611","meiA3_Mod.3","mal"
"612","meiA4_Mod.1","mmal"
"613","meiA4_Mod.2","mal"
"614","meiA4_Mod.3","mmal"
"615","merA_Mod.1",NA
"616","merA_Mod.2","mal"
"617","merA_Mod.3","mmal"
"618","merA_Mod.4","mmal"
"619","merB_Mod.1","mal"
"620","merB_Mod.2",NA
"621","merB_Mod.3","mmal"
"622","merB_Mod.4","mmal"
"623","merC_Mod.1","mmal"
"624","merC_Mod.2","mal"
"625","merC_Mod.3","mal"
"626","merC_Mod.4","mmal"
"627","merC_Mod.5","mal"
"628","merC_Mod.6","mal"
"629","merC_Mod.7","mmal"
"630","pikAI_Mod.1",NA
"631","pikAI_Mod.2","mmal"
"632","pikAI_Mod.3","mmal"
"633","pikAII_Mod.1","mal"
"634","pikAII_Mod.2","mmal"
"635","pikAIII_Mod.1","mmal"
"636","pikAIV_Mod.1","mmal"
"637","monAI_Mod.1",NA
"638","monAI_Mod.2","mal"
"639","monAII_Mod.1","mmal"
"640","monAIII_Mod.1","mmal"
"641","monAIII_Mod.2","mal"
"642","monAIV_Mod.1","mmal"
"643","monAIV_Mod.2",NA
"644","monAV_Mod.1","mal"
"645","monAV_Mod.2","mmal"
"646","monAVI_Mod.1","mal"
"647","monAVII_Mod.1","mal"
"648","monAVIII_Mod.1","mmal"
"649","monAVIII_Mod.2","mmal"
"650","mycAI_Mod.1",NA
"651","mycAI_Mod.2","mmal"
"652","mycAI_Mod.3","mmal"
"653","mycAII_Mod.1","mal"
"654","mycAIII_Mod.1","mal"
"655","mycAIII_Mod.2","mmal"
"656","mycAIV_Mod.1","mmal"
"657","mycAV_Mod.1","mmal"
"658","mlsA1_Mod.1",NA
"659","mlsA1_Mod.2","mal"
"660","mlsA1_Mod.3","mal"
"661","mlsA1_Mod.4","mmal"
"662","mlsA1_Mod.5","mmal"
"663","mlsA1_Mod.6","mmal"
"664","mlsA1_Mod.7","mal"
"665","mlsA1_Mod.8","mmal"
"666","mlsA1_Mod.9","mmal"
"667","mlsA2_Mod.1","mal"
"668","nanA1_Mod.1",NA
"669","nanA1_Mod.2","mal"
"670","nanA2_Mod.1","mmal"
"671","nanA3_Mod.1","mmal"
"672","nanA3_Mod.2","mal"
"673","nanA4_Mod.1","mmal"
"674","nanA4_Mod.2","mmal"
"675","nanA5_Mod.1","mal"
"676","nanA5_Mod.2","mmal"
"677","nanA6_Mod.1","mal"
"678","nanA7_Mod.1","mal"
"679","nanA8_Mod.1","mmal"
"680","nanA8_Mod.2","mmal"
"681","natA_Mod.1",NA
"682","natA_Mod.2","mmal"
"683","natA_Mod.3","mal"
"684","natB_Mod.1","mmal"
"685","natB_Mod.2","mmal"
"686","natB_Mod.3","mmal"
"687","natC_Mod.1","mal"
"688","natC_Mod.2","mal"
"689","natC_Mod.3","mmal"
"690","natD_Mod.1","mal"
"691","natD_Mod.2","mmal"
"692","natE_Mod.1","mal"
"693","natE_Mod.2","mal"
"694","scnS0_Mod.1",NA
"695","pimS0_Mod.1","mal"
"696","SgnS0_Mod.1","mal"
"697","scnS1_Mod.1",NA
"698","pimS1_Mod.1","mal"
"699","scnS1_Mod.2","mal"
"700","pimS1_Mod.2","mal"
"701","SgnS1_Mod.1","mal"
"702","scnS1_Mod.3","mal"
"703","pimS1_Mod.3","mal"
"704","SgnS1_Mod.2","mal"
"705","scnS1_Mod.4","mal"
"706","pimS1_Mod.4","mal"
"707","SgnS1_Mod.3","mal"
"708","scnS2_Mod.1","mal"
"709","pimS2_Mod.1","mal"
"710","SgnS1_Mod.4","mal"
"711","SgnS2_Mod.1","mal"
"712","scnS2_Mod.2","mal"
"713","pimS2_Mod.2","mal"
"714","SgnS2_Mod.2","mal"
"715","scnS2_Mod.3","mal"
"716","pimS2_Mod.3","mmal"
"717","SgnS2_Mod.3","mmal"
"718","scnS2_Mod.4","mmal"
"719","pimS2_Mod.4","mal"
"720","SgnS2_Mod.4","mal"
"721","scnS2_Mod.5","mal"
"722","pimS2_Mod.5","mal"
"723","SgnS2_Mod.5","mal"
"724","scnS2_Mod.6","mal"
"725","pimS2_Mod.6","mal"
"726","scnS4_Mod.1","mal"
"727","pimS4_Mod.1","mal"
"728","SgnS2_Mod.6","mal"
"729","scnS3_Mod.1","mal"
"730","pimS3_Mod.1","mal"
"731","SgnS3_Mod.1","mal"
"732","SgnS4_Mod.1","mal"
"733","nemA1-1_Mod.0",NA
"734","nemA1-1_Mod.1",NA
"735","nemA1-2_Mod.1","mmal"
"736","nemA1-2_Mod.2","mmal"
"737","nemA2_Mod.1","mal"
"738","nemA2_Mod.2","mal"
"739","nemA2_Mod.3","mal"
"740","nemA2_Mod.4","mal"
"741","nemA3_Mod.1","mmal"
"742","nemA3_Mod.2","mmal"
"743","nemA3_Mod.3","mal"
"744","nemA4_Mod.1","mmal"
"745","nemA4_Mod.3","mal"
"746","nemA4_Mod.2","mal"
"747","nidA1_Mod.1",NA
"748","nidA1_Mod.2","mal"
"749","nidA1_Mod.3","mal"
"750","nidA2_Mod.1","mal"
"751","nidA3_Mod.1","mal"
"752","nidA3_Mod.2","mmal"
"753","nidA4_Mod.1",NA
"754","nidA5_Mod.1",NA
"755","NIGAVIII_Mod.1",NA
"756","NigAI_Mod.1","mmal"
"757","NigAI_Mod.2","mal"
"758","NigAII_Mod.1","mmal"
"759","NigAIII_Mod.1","mmal"
"760","NigAIII_Mod.2","mal"
"761","NigAIV_Mod.1","mmal"
"762","NigAIV_Mod.2","mmal"
"763","NigAIX_Mod.1","mal"
"764","NigAV_Mod.1","mmal"
"765","NigAV_Mod.2","mmal"
"766","NigAVI_Mod.1","mmal"
"767","NigAVII_Mod.1","mmal"
"768","NigAVII_Mod.2","mal"
"769","NigAVII_Mod.3","mal"
"770","NcmAI_Mod.0",NA
"771","NcmAI_Mod.1","mal"
"772","NcmAI_Mod.2","mmal"
"773","NcmAI_Mod.3","mmal"
"774","NcmAII_Mod.4","mal"
"775","NcmAIII_Mod.5","mmal"
"776","NcmAIV_Mod.6","mmal"
"777","NcmAV_Mod.7","mmal"
"778","NcmAV_Mod.8","mal"
"779","ncdA_Mod.0",NA
"780","ncdA_Mod.1","mmal"
"781","ncdA_Mod.2","mal"
"782","ncdA_Mod.3","mmal"
"783","ncdB_Mod.4","mmal"
"784","ncdB_Mod.5","mal"
"785","ncdB_Mod.6","mal"
"786","ncdC_Mod.7","mal"
"787","ncdC_Mod.8","mmal"
"788","ncdC_Mod.9","mmal"
"789","ncdD_Mod.10","mal"
"790","nosB_Mod.1",NA
"791","nysA_Mod.1",NA
"792","nysB_Mod.1","mal"
"793","nysB_Mod.2","mmal"
"794","nysC_Mod.1","mmal"
"795","nysC_Mod.2","mal"
"796","nysC_Mod.3","mal"
"797","nysC_Mod.4","mal"
"798","nysC_Mod.5","mal"
"799","nysC_Mod.6","mal"
"800","nysI_Mod.1","mal"
"801","nysI_Mod.2","mal"
"802","nysI_Mod.3","mal"
"803","nysI_Mod.4","mmal"
"804","nysI_Mod.5","mal"
"805","nysI_Mod.6","mal"
"806","nysJ_Mod.1","mal"
"807","nysJ_Mod.2","mal"
"808","nysJ_Mod.3","mal"
"809","nysK_Mod.1","mal"
"810","cppA_Mod.1","mal"
"811","cppB_Mod.1","mal"
"812","cppB_Mod.2","mmal"
"813","cppC_Mod.1","mmal"
"814","cppC_Mod.2","mal"
"815","cppC_Mod.3","mal"
"816","cppC_Mod.4","mal"
"817","cppC_Mod.5","mal"
"818","cppC_Mod.6","mal"
"819","cppI_Mod.1","mal"
"820","cppI_Mod.2","mal"
"821","cppI_Mod.3","mal"
"822","cppI_Mod.4","mmal"
"823","cppI_Mod.5","mal"
"824","cppI_Mod.6","mal"
"825","cppJ_Mod.1","mal"
"826","cppJ_Mod.2","mal"
"827","cppJ_Mod.3","mal"
"828","cppK_Mod.1","mal"
"829","olmA1_Mod.0",NA
"830","olmA1_Mod.1","mal"
"831","olmA1_Mod.2","mal"
"832","olmA1_Mod.3","mmal"
"833","olmA2_Mod.4","mal"
"834","olmA2_Mod.5","mmal"
"835","olmA2_Mod.6","mmal"
"836","olmA3_Mod.7","mal"
"837","olmA3_Mod.8",NA
"838","olmA4_Mod.9","mal"
"839","olmA4_Mod.10","mal"
"840","olmA5_Mod.11","mmal"
"841","olmA6_Mod.12","mmal"
"842","olmA6_Mod.13","mmal"
"843","olmA6_Mod.14","mmal"
"844","olmA7_Mod.16","mmal"
"845","olmA7_Mod.15","mal"
"846","palA_Mod.1",NA
"847","palB_Mod.2","mmal"
"848","palC_Mod.3","mmal"
"849","palD_Mod.4","mmal"
"850","palE_Mod.5","mal"
"851","palE_Mod.6","mal"
"852","palE_Mod.7","mal"
"853","palF_Mod.8","mmal"
"854","phn2_Mod.1",NA
"855","phn2_Mod.2",NA
"856","phn2_Mod.3","mal"
"857","phn2_Mod.4","mal"
"858","plm1_Mod.0",NA
"859","plm1_Mod.1",NA
"860","plm2-3_Mod.1","mal"
"861","plm2-3_Mod.2","mal"
"862","plm4_Mod.1","mal"
"863","plm5_Mod.1",NA
"864","plm6_Mod.1","mal"
"865","plm7_Mod.1",NA
"866","PieA1_Mod.0",NA
"867","PieA1_Mod.1","mal"
"868","PieA2_Mod.1","mmal"
"869","PieA2_Mod.2","mmal"
"870","PieA3_Mod.1","mmal"
"871","PieA4_Mod.1","mal"
"872","PieA5_Mod.1","mmal"
"873","PieA6_Mod.0","mal"
"874","PieA6_Mod.1","mmal"
"875","pldAI_Mod.1",NA
"876","pldAI_Mod.2","mmal"
"877","pldAI_Mod.3","mmal"
"878","pldAI_Mod.4","mal"
"879","pldAII_Mod.1","mmal"
"880","pldAII_Mod.2","mal"
"881","pldAII_Mod.3","mmal"
"882","pldAII_Mod.4","mmal"
"883","pldAIII_Mod.1","mal"
"884","pldAIII_Mod.2","mmal"
"885","pldAIV_Mod.1","mal"
"886","QmnA1_Mod.0",NA
"887","QmnA1_Mod.1","mal"
"888","QmnA1_Mod.2","mmal"
"889","QmnA1_Mod.3","mmal"
"890","QmnA2_Mod.1","mal"
"891","QmnA3_Mod.1","mmal"
"892","rapA_Mod.1",NA
"893","rapA_Mod.2","mmal"
"894","rapA_Mod.3","mal"
"895","rapA_Mod.4","mmal"
"896","rapB_Mod.1","mmal"
"897","rapB_Mod.2","mal"
"898","rapB_Mod.3","mmal"
"899","rapB_Mod.4","mmal"
"900","rapB_Mod.5","mal"
"901","rapB_Mod.6","mal"
"902","rapC_Mod.1","mmal"
"903","rapC_Mod.2","mal"
"904","rapC_Mod.3","mal"
"905","rapC_Mod.4","mmal"
"906","revA_Mod.1",NA
"907","revA_Mod.2","mmal"
"908","revA_Mod.3","mal"
"909","revA_Mod.4","mmal"
"910","revB_Mod.1","mal"
"911","revB_Mod.2",NA
"912","revB_Mod.3","mal"
"913","revC_Mod.1","mal"
"914","revC_Mod.2","mmal"
"915","revD_Mod.1","mal"
"916","revD_Mod.2","mmal"
"917","revD_Mod.3","mal"
"918","revD_Mod.4","mmal"
"919","rifA_Mod.1",NA
"920","rifA_Mod.2","mmal"
"921","rifA_Mod.3","mal"
"922","rifB_Mod.1","mmal"
"923","rifB_Mod.2","mmal"
"924","rifB_Mod.3","mmal"
"925","rifC_Mod.1","mmal"
"926","rifD_Mod.1","mmal"
"927","rifE_Mod.1","mmal"
"928","rifE_Mod.2","mal"
"929","sllA_Mod.1",NA
"930","sllA_Mod.2","mal"
"931","sllA_Mod.3","mal"
"932","sllA_Mod.4","mmal"
"933","sllB_Mod.5","mal"
"934","sllB_Mod.6","mal"
"935","sllC_Mod.7","mal"
"936","sllC_Mod.8","mal"
"937","sllD_Mod.9","mal"
"938","sllE_Mod.10","mmal"
"939","sllE_Mod.11","mal"
"940","slnA1_Mod.1",NA
"941","slnA1_Mod.2","mal"
"942","slnA1_Mod.3",NA
"943","slnA2_Mod.1","mal"
"944","slnA2_Mod.2","mmal"
"945","slnA3_Mod.1","mal"
"946","slnA3_Mod.2","mal"
"947","slnA4_Mod.1","mal"
"948","slnA5_Mod.1","mmal"
"949","slnA5_Mod.2","mmal"
"950","slnA6_Mod.1",NA
"951","slnA7_Mod.1","mmal"
"952","slnA8_Mod.1","mmal"
"953","slnA8_Mod.2","mmal"
"954","slnA9_Mod.1","mal"
"955","sfaE_Mod.1",NA
"956","sfaF_Mod.1","mmal"
"957","sfaF_Mod.2","mmal"
"958","sfaF_Mod.3","mmal"
"959","sfaG_Mod.1","mal"
"960","sfaG_Mod.2","mmal"
"961","sfaH_Mod.1","mal"
"962","sfaH_Mod.2","mal"
"963","sfaH_Mod.3","mmal"
"964","sfaH_Mod.4","mal"
"965","sfaH_Mod.5","mal"
"966","sfaI_Mod.1","mal"
"967","sfaI_Mod.2","mmal"
"968","selA_Mod.1",NA
"969","selB_Mod.1","mmal"
"970","selB_Mod.2","mmal"
"971","selC_Mod.1","mmal"
"972","selC_Mod.2","mal"
"973","selC_Mod.3","mal"
"974","selC_Mod.4","mal"
"975","selI_Mod.1","mal"
"976","selI_Mod.2","mal"
"977","selI_Mod.3","mal"
"978","selI_Mod.4","mmal"
"979","selI_Mod.5","mal"
"980","selI_Mod.6","mal"
"981","selJ_Mod.1","mal"
"982","selK_Mod.1","mal"
"983","simC1A_Mod.1",NA
"984","simC1A_Mod.2","mal"
"985","simC1A_Mod.3","mal"
"986","simC1B_Mod.1","mal"
"987","simC1C_Mod.1","mal"
"988","norA_Mod.1",NA
"989","norA__Mod.1","mmal"
"990","norA__Mod.2","mmal"
"991","norB_Mod.1","mmal"
"992","norC_Mod.1","mal"
"993","norC_Mod.2","mmal"
"994","spnA_Mod.1",NA
"995","spnA_Mod.2","mmal"
"996","spnB_Mod.1","mal"
"997","spnC_Mod.1","mal"
"998","spnC_Mod.2","mmal"
"999","spnD_Mod.1","mal"
"1000","spnD_Mod.2","mal"
"1001","spnD_Mod.3","mal"
"1002","spnE_Mod.1","mal"
"1003","spnE_Mod.2","mmal"
"1004","spnE_Mod.3","mal"
"1005","StamA_Mod.0",NA
"1006","StamA_Mod.1","mmal"
"1007","StamA_Mod.2","mal"
"1008","StamA_Mod.3","mal"
"1009","StamB_Mod.4","mal"
"1010","StamB_Mod.5","mal"
"1011","StamC_Mod.6","mmal"
"1012","StamC_Mod.7","mal"
"1013","StamC_Mod.8","mmal"
"1014","StamC_Mod.9","mal"
"1015","StamC_Mod.10","mal"
"1016","StamD_Mod.11","mal"
"1017","StamD_Mod.12","mal"
"1018","StamD_Mod.13",NA
"1019","StamE_Mod.14","mmal"
"1020","StamF_Mod.15","mal"
"1021","StamF_Mod.16","mal"
"1022","StamG_Mod.17","mal"
"1023","StamG_Mod.18","mal"
"1024","StamH_Mod.19","mal"
"1025","StamH_Mod.20","mal"
"1026","StamI_Mod.21","mal"
"1027","StamI_Mod.22","mal"
"1028","StamI_Mod.23","mal"
"1029","StamI_Mod.24","mmal"
"1030","stzD_Mod.1",NA
"1031","stzD_Mod.2","mal"
"1032","stzD_Mod.3","mal"
"1033","stzC_Mod.1","mal"
"1034","stzC_Mod.2","mal"
"1035","stzB_Mod.1","mal"
"1036","slgA1_Mod.1",NA
"1037","slgA1_Mod.2","mal"
"1038","slgA1_Mod.3","mmal"
"1039","slgA1_Mod.4","mal"
"1040","slgA2_Mod.1","mmal"
"1041","slgA2_Mod.2","mmal"
"1042","slgA3_Mod.1","mmal"
"1043","slgA3_Mod.2","mal"
"1044","ttnA_Mod.1",NA
"1045","ttnA_Mod.2","mal"
"1046","ttnA_Mod.3","mmal"
"1047","ttnA_Mod.4","mal"
"1048","ttnA_Mod.5","mmal"
"1049","ttnA_Mod.6","mal"
"1050","ttnB_Mod.1","mmal"
"1051","ttnB_Mod.2","mmal"
"1052","ttnB_Mod.3","mal"
"1053","ttnB_Mod.4",NA
"1054","ttmJ_Mod.0",NA
"1055","ttmJ_Mod.1",NA
"1056","ttmJ_Mod.2",NA
"1057","ttmJ_Mod.3","mal"
"1058","ttmJ_Mod.4","mmal"
"1059","ttmJ_Mod.5","mal"
"1060","ttmJ_Mod.6","mmal"
"1061","ttmI_Mod.1","mmal"
"1062","ttmI_Mod.2","mal"
"1063","ttmI_Mod.3","mal"
"1064","ttmH_Mod.1","mmal"
"1065","ttmH_Mod.2","mal"
"1066","ttmH_Mod.3","mmal"
"1067","tsnAI_Mod.1",NA
"1068","tsnAI_Mod.2","mal"
"1069","tsnAI_Mod.3","mal"
"1070","tsnAII_Mod.1","mmal"
"1071","tsnAII_Mod.2","mmal"
"1072","tsnAII_Mod.3","mal"
"1073","tsnAIII_Mod.1","mal"
"1074","tsnAIII_Mod.2","mmal"
"1075","tsnAIII_Mod.3","mmal"
"1076","tsnAIV_Mod.1","mal"
"1077","tsnAIV_Mod.2","mal"
"1078","tsnAIV_Mod.3","mmal"
"1079","tsnAV_Mod.1","mmal"
"1080","tmnA1_Mod.1",NA
"1081","tmnA1_Mod.2","mal"
"1082","tmnA1_Mod.3","mal"
"1083","tmnAII_Mod.1","mal"
"1084","tmnAIII_Mod.1","mal"
"1085","tmnAIII_Mod.2","mal"
"1086","tmnAIV_Mod.1","mal"
"1087","tmnAIV_Mod.2","mmal"
"1088","tmnAIV_Mod.3","mmal"
"1089","tmnAV_Mod.1","mal"
"1090","tmnAV_Mod.2","mal"
"1091","tmnAV_Mod.3","mmal"
"1092","tmnVI_Mod.1","mmal"
"1093","tiaA1_Mod.0",NA
"1094","tiaA1_Mod.1",NA
"1095","tiaA1_Mod.2","mal"
"1096","tiaA1_Mod.3","mmal"
"1097","tiaA2_Mod.1","mmal"
"1098","tiaA2_Mod.2",NA
"1099","tiaA3_Mod.1","mmal"
"1100","tiaA4_Mod.1","mal"
"1101","tiaA4_Mod.2","mal"
"1102","TamAI_Mod.0",NA
"1103","TamAI_Mod.1","mal"
"1104","TamAI_Mod.2","mmal"
"1105","TamAI_Mod.3","mal"
"1106","TamAII_Mod.1","mmal"
"1107","TamAII_Mod.2","mmal"
"1108","TamAIII_Mod.1","mmal"
"1109","TamAIII_Mod.2","mal"
"1110","tylG_Mod.1",NA
"1111","tylG_Mod.2","mmal"
"1112","tylG_Mod.3","mmal"
"1113","vstA1_Mod.1",NA
"1114","vstA1_Mod.2","mal"
"1115","vstA1_Mod.3","mmal"
"1116","vstA1_Mod.4","mmal"
"1117","vstA1_Mod.5","mal"
"1118","vstA2_Mod.1","mmal"
"1119","vstA2_Mod.2","mmal"
"1120","vstA2_Mod.3","mmal"
"1121","vstA2_Mod.4",NA
"1122","vstA3_Mod.1","mmal"
"1123","vstA3_Mod.2","mal"
"1124","vstA4_Mod.1","mal"
"1125","vstA4_Mod.2","mmal"
"1126","vstA5_Mod.1",NA
"1127","almHI_Mod.0",NA
"1128","almHI_Mod.1","mal"
"1129","almHI_Mod.2","mmal"
"1130","almHI_Mod.3","mmal"
"1131","almHII_Mod.4","mal"
"1132","almHIII_Mod.5","mal"
"1133","almHIII_Mod.6","mmal"
"1134","almHIV_Mod.7","mmal"
"1135","almHV_Mod.8","mmal"
"1136","azlB_Mod.0",NA
"1137","azlB_Mod.1","mal"
"1138","azlB_Mod.2","mal"
"1139","azlC_Mod.3","mal"
"1140","azlC_Mod.4","mal"
"1141","azlD_Mod.5","mal"
"1142","azlD_Mod.6","mal"
"1143","azlD_Mod.7","mal"
"1144","azlE_Mod.8","mal"
"1145","azlE_Mod.9","mal"
"1146","azlE_Mod.10","mal"
"1147","azlE_Mod.11","mal"
"1148","azlE_Mod.12","mal"
"1149","azlF_Mod.13","mal"
"1150","azlF_Mod.14","mal"
"1151","azlG_Mod.15","mal"
"1152","azlG_Mod.16","mal"
"1153","azlA_Mod.18","mal"
"1154","azlH_Mod.19","mal"
"1155","type_Mod.02",NA
"1156","btlA_Mod.1","mmal"
"1157","btlA_Mod.2","mmal"
"1158","btlA_Mod.3","mal"
"1159","btlB_Mod.4","mal"
"1160","btlC_Mod.5","mal"
"1161","btlC_Mod.6","mal"
"1162","btlD_Mod.7","mal"
"1163","btlD_Mod.8","mal"
"1164","btlE_Mod.9","mal"
"1165","gphF_Mod.1",NA
"1166","gphG_Mod.2","mal"
"1167","gphH_Mod.3","mal"
"1168","gphI_Mod.4","mal"
"1169","gphJ_Mod.5","mal"
"1170","jerA_Mod.0",NA
"1171","jerB_Mod.1","mmal"
"1172","jerB_Mod.2","mmal"
"1173","jerC_Mod.3","mal"
"1174","jerC_Mod.4","mmal"
"1175","jerD_Mod.5","mal"
"1176","jerE_Mod.6","mal"
"1177","jerE_Mod.7","mal"
"1178","npmB_Mod.0",NA
"1179","npmB_Mod.1","mal"
"1180","npmC_Mod.2","mal"
"1181","npmC_Mod.3","mmal"
"1182","npmD_Mod.4","mal"
"1183","npmD_Mod.5","mal"
"1184","npmE_Mod.6","mal"
"1185","npmE_Mod.7","mal"
"1186","npmE_Mod.8","mal"
"1187","npmF_Mod.9","mal"
"1188","npmF_Mod.10","mal"
"1189","npmF_Mod.11","mal"
"1190","npmF_Mod.12","mal"
"1191","npmF_Mod.13","mal"
"1192","npmG_Mod.14","mal"
"1193","npmG_Mod.15","mal"
"1194","npmH_Mod.16","mal"
"1195","npmH_Mod.17","mal"
"1196","npmA_Mod.18","mal"
"1197","npmI_Mod.19","mal"
"1198","spr7_Mod.0",NA
"1199","spr7_Mod.1","mmal"
"1200","spr7_Mod.2","mmal"
"1201","spr8_Mod.3","mmal"
"1202","spr9_Mod.4","mal"
"1203","spr9_Mod.5","mmal"
"1204","spr10_Mod.6",NA
"1205","spr11_Mod.7","mmal"
"1206","tacB_Mod.1",NA
"1207","tacB_Mod.2",NA
"1208","tacB_Mod.3",NA
"1209","tacB_Mod.4",NA
